Species,Order,Body_Mass,ClutchSize,GenSizMed,IUCNStat_2020,IUCNTrend_2020,PhyloPosition,RangeSize (km^2),Latitude,AnnTempRange,PpSeasonality
Acris_crepitans,Anura,4.535760383,270,4.115,LC,Stable,1175,3140335.079,36.22527493,39,17
Acris_gryllus,Anura,2.87168246,207.5,4.49,LC,Stable,1177,638456.063,32.18263349,31,23
Adelotus_brevis,Anura,7.844401156,440.5,2.1,NT,Decreasing,3632,509103.0714,-27.68251451,29,34
Adenomera_hylaedactyla,Anura,2.108745242,18.5,1.993,LC,Stable,724,8858373.69,-6.355226052,15,59
Afrixalus_fornasini,Anura,5.355815679,50.5,5.57,LC,NA,5853,921665.5285,-15.12031539,20,99
Agalychnis_callidryas,Anura,45.08492001,138,5.255,LC,Decreasing,1919,454757.4094,15.13327477,16,55
Aglyptodactylus_madagascariensis,Anura,31.33446647,1811,3.05,LC,Decreasing,4233,110619.8295,-19.68207713,16,61
Allobates_femoralis,Anura,3.806898983,28,7.11,LC,Stable,3508,5232863.616,-4.246158329,11,36
Allophryne_ruthveni,Anura,2.345109567,300,2.077,LC,Decreasing,992,2831429.709,-1.708048955,11,50
Alytes_cisternasii,Anura,11.03606029,110,6.7,LC,Decreasing,6364,169878.6853,39.34449332,31,49
Alytes_dickhilleni,Anura,16.87,93.5,11.496,VU,Decreasing,6360,30326.34378,37.57903664,30,45
Alytes_muletensis,Anura,5.355815679,14,4.282,EN,Increasing,6361,228.4097462,39.76940418,22,42
Alytes_obstetricans,Anura,15.02887126,95.5,9.78,LC,Decreasing,6363,1035503.513,45.32706743,25,13
Ameerega_trivittata,Anura,15.02887126,34.5,8.49,LC,Stable,3351,4028298.776,-3.099823001,10,31
Amietia_angolensis,Anura,141.9918934,450,2.61,LC,Decreasing,4913,4193182.704,-14.86526572,24,119
Amietophrynus_maculatus,Anura,61.58409585,5000,3.31,LC,Stable,207,7629393.491,-4.536354445,12,50
Amietophrynus_pardalis,Anura,363.2949952,14000,7.31,LC,NA,187,30643.46455,-33.03930435,22,30
Amietophrynus_regularis,Anura,243.9651047,12000,3.99,LC,Stable,204,6812697.536,9.574732264,21,108
Anaxyrus_americanus,Anura,431.3461762,11150,5,LC,Stable,377,5499650.657,45.7680702,38,16
Anaxyrus_cognatus,Anura,163.9880694,23177,5.6,LC,NA,386,2757302.433,37.16651224,40,61
Anaxyrus_debilis,Anura,14.16142746,1650,5.3,LC,Stable,384,1384682.395,29.98856265,35,57
Anaxyrus_fowleri,Anura,88.30305551,8999,5.29,LC,Stable,378,1951194.961,36.49935019,35,13
Anaxyrus_punctatus,Anura,43.22005921,2515,5.3,LC,Stable,389,2328136.538,31.70329929,38,70
Anaxyrus_quercicus,Anura,3.474815212,3305,3.32,LC,Stable,387,430104.4945,31.55703413,30,28
Anaxyrus_retiformis,Anura,34.37385972,162.5,6.7,LC,Stable,385,49508.83943,31.00018166,36,86
Anaxyrus_terrestris,Anura,170.0707105,9120.5,5.45,LC,Stable,379,521057.2087,31.80188582,30,22
Anodonthyla_boulengerii,Anura,0.892814212,26.5,4.75,NT,Decreasing,5583,80580.1235,-19.98936276,16,63
Arthroleptis_stenodactylus,Anura,7.844401156,55,3.37,LC,Stable,6025,2317087.435,-14.2467972,23,113
Arthroleptis_xenodactyloides,Anura,1.16809154,21.5,2.722,LC,Stable,6043,1068114.732,-12.70453307,18,106
Ascaphus_montanus,Anura,15.93237273,60,3.924,LC,NA,6380,252235.3347,46.39827328,38,21
Ascaphus_truei,Anura,11.76734864,57.5,4.16,LC,NA,6379,323995.4656,47.2117818,21,61
Astylosternus_batesi,Anura,39.30628713,NA,4.778,LC,Decreasing,5991,599431.6006,0.244675692,12,61
Astylosternus_diadematus,Anura,16.87274654,NA,4.708,LC,Decreasing,5996,10357.92363,5.127554802,12,70
Atelopus_flavescens,Anura,5.355815679,NA,6.86,VU,Stable,439,443.3514146,4.933964476,10,51
Babina_okinavana,Anura,10.33681038,499.5,4.35,EN,Decreasing,4397,2053.229196,26.75702165,18,30
Barbarophryne_brongersmai,Anura,12.68830706,690,5.7,NT,Decreasing,42,88024.7326,30.41429757,35,63
Batrachyla_taeniata,Anura,7.844401156,185,2.59,LC,Decreasing,2022,177334.5576,-41.35597551,19,42
Bombina_bombina,Anura,19.92330124,503,11.385,LC,Decreasing,6371,3238760.289,50.99979241,35,25
Bombina_orientalis,Anura,25.82203859,166.5,8.4,LC,Decreasing,6372,971458.6884,43.47110728,50,97
Bombina_variegata,Anura,15.93237273,107.5,9.6,LC,Decreasing,6369,1150987.109,46.01001614,31,22
Boophis_goudotii,Anura,105.9666709,1000,4.2,LC,Stable,4163,52073.63768,-18.90270343,17,100
Boophis_luteus,Anura,19.92330124,560,4.75,LC,Decreasing,4177,40626.23216,-19.95039563,17,68
Boophis_madagascariensis,Anura,114.7476654,402.5,3.9,LC,Decreasing,4175,84024.12158,-19.13752092,17,75
Boophis_tephraeomystax,Anura,32.82985012,1000,3.5,LC,Stable,4229,110815.8595,-17.43940923,16,78
Breviceps_mossambicus,Anura,17.85081091,25,2.49,LC,NA,6085,1554837.37,-16.5598844,22,106
Buergeria_oxycephala,Anura,25.18400088,NA,1.637,VU,Decreasing,4027,12471.73641,18.92908303,17,79
Bufo_bufo,Anura,1341.531073,7500,6.6,LC,Stable,78,12145850.04,53.93308942,38,32
Bufo_gargarizans,Anura,269.1353825,7600,5.74,LC,Stable,63,4089988.959,38.88910907,47,117
Bufo_verrucosissimus,Anura,834.2820843,5345,6.8,NT,Decreasing,79,53782.72622,40.74369869,33,50
Bufotes_viridis,Anura,310.1744965,19475,4.83,LC,Decreasing,157,4052860.677,49.99848362,33,33
Cardioglossa_leucomystax,Anura,5.226759199,25,3.154,LC,Decreasing,6055,1548036.326,2.029894919,14,51
Centrolene_savagei,Anura,1.02337705,19,2.992,LC,Stable,896,1212.551221,4.551892394,12,35
Ceratophrys_ornata,Anura,528.2010128,1250,3.35,NT,Decreasing,2134,619221.868,-35.21989131,28,37
Conraua_goliath,Anura,5497.217769,100,3.074,EN,Decreasing,5015,63244.25969,3.166566093,10,59
Crinia_signifera,Anura,3.474815212,247,2.12,LC,Stable,3581,982954.7552,-33.79396034,29,13
Cyclorana_alboguttata,Anura,57.01173656,3743,2.85,LC,Stable,1711,1268739.993,-22.03918807,27,75
Dendrobates_tinctorius,Anura,11.03606029,10,8.95,LC,Stable,3328,482246.5915,1.727105315,13,63
Dendropsophus_brevifrons,Anura,1.16809154,74.5,2.554,LC,Stable,1449,1486146.387,-3.29641958,11,21
Dendropsophus_koechlini,Anura,1.889386307,275,2.88,LC,Stable,1444,1137816.274,-8.374827243,14,54
Dendropsophus_microcephalus,Anura,2.599184929,217,2.85,LC,Increasing,1405,5170903.012,-0.525274364,11,39
Dendropsophus_nanus,Anura,0.996002873,325.5,1.89,LC,Stable,1399,7925171.973,-13.57540639,20,74
Dermatonotus_muelleri,Anura,39.56502038,7343.5,1.54,LC,Stable,5648,4024783.423,-16.16600812,15,81
Didynamipus_sjostedti,Anura,0.566876477,18,7.221,VU,Decreasing,96,649.4191127,4.418979963,10,52
Discoglossus_pictus,Anura,50.6014321,2828,5.25,LC,Stable,6354,227679.0007,36.41485437,31,54
Discoglossus_scovazzi,Anura,50.6014321,550,5.301,LC,Stable,6356,173775.2134,32.89834527,35,66
Duttaphrynus_melanostictus,Anura,310.1744965,20500,6.02,LC,Increasing,107,6414676.885,18.96171936,18,115
Elachistocleis_ovalis,Anura,7.18666446,385,3.715,LC,Stable,5630,10395849.53,-7.543408486,18,64
Eleutherodactylus_abbotti,Anura,1.16809154,NA,4.71,LC,Stable,3005,61260.78325,18.89028344,17,55
Eleutherodactylus_antillensis,Anura,9.031259268,33,4.19,LC,Stable,2986,8518.483948,18.19175187,13,40
Eleutherodactylus_eneidae,Anura,2.108745242,11.5,3.57,CR,Decreasing,2989,1610.58959,18.17747039,13,39
Eleutherodactylus_gossei,Anura,3.163318648,56,2.31,LC,Stable,2864,7809.138324,18.17954456,11,48
Eleutherodactylus_heminota,Anura,2.108745242,NA,3.3,EN,Decreasing,2940,6627.998492,18.34008746,14,55
Eleutherodactylus_martinicensis,Anura,9.031259268,34.5,2.41,NT,Stable,2994,5954.164711,17.08075697,14,53
Eleutherodactylus_pantoni,Anura,7.293532495,76.5,2.92,NT,NA,2871,3859.187755,18.21782392,11,44
Eleutherodactylus_planirostris,Anura,11.03606029,14,4.56,LC,Stable,2892,189004.8397,25.48754085,20,63
Eleutherodactylus_richmondi,Anura,11.03606029,24.5,3.93,CR,Decreasing,3038,265.5871632,18.24445242,13,33
Epidalea_calamita,Anura,104.2680497,6250,4.26,LC,Decreasing,102,2415459.101,48.49205354,27,24
Espadarana_prosoblepon,Anura,2.345109567,66,2.375,LC,Stable,921,281194.2419,7.717336307,13,71
Eupemphix_nattereri,Anura,16.30405183,3032.5,1.75,LC,Decreasing,791,2278589.8,-17.59768067,17,71
Fejervarya_limnocharis,Anura,42.85359781,855.5,4.15,LC,Stable,4702,8281786.571,21.14230546,24,83
Gastrophryne_carolinensis,Anura,4.934016269,911,4.87,LC,Stable,5645,1517047.892,33.41118742,34,21
Gastrotheca_marsupiata,Anura,10.75256019,115,4.103,LC,Stable,3132,251167.1713,-16.64316088,24,82
Gephyromantis_asper,Anura,2.345109567,NA,4.2,LC,Decreasing,4054,34463.16075,-18.87352607,17,66
Guibemantis_bicalcaratus,Anura,1.889386307,25,5.65,LC,Decreasing,4122,112437.5546,-19.01569407,16,62
Guibemantis_liber,Anura,1.889386307,60,4.8,LC,NA,4121,143282.0917,-19.34756171,17,73
Guibemantis_pulcher,Anura,1.68633274,NA,5.7,LC,Decreasing,4116,62656.71614,-18.99723342,17,67
Hemiphractus_proboscideus,Anura,28.48614044,23,3.302,LC,Decreasing,3223,313996.6023,-2.325921188,11,13
Hemisus_marmoratus,Anura,19.92330124,165,3.901,LC,NA,6109,9248094.534,-2.11700552,12,33
Heterixalus_betsileo,Anura,1.889386307,71,4.25,LC,Stable,5884,106303.8085,-19.74776846,18,82
Heterixalus_madagascariensis,Anura,5.355815679,NA,4.825,LC,Stable,5890,29531.4268,-17.28859591,14,47
Heterixalus_variabilis,Anura,3.163318648,NA,5.55,LC,Stable,5885,3065.47937,-13.36343467,14,101
Hoplobatrachus_rugulosus,Anura,262.6821529,2300,3.095,LC,Stable,4754,2784690.429,22.45626481,22,72
Hoplobatrachus_tigerinus,Anura,675.3238036,5750,5.02,LC,Stable,4755,3260418.479,23.12343954,30,142
Hyla_arborea,Anura,12.53147188,1100,4.76,LC,Decreasing,1020,4000168.017,46.21055764,31,23
Hyla_chrysoscelis,Anura,22.15645751,2493,4.67,LC,Stable,1008,3692047.462,39.37858386,38,22
Hyla_femoralis,Anura,7.293532495,1093,3.83,LC,Stable,1010,460152.0477,31.71703725,31,26
Hyla_gratiosa,Anura,32.82985012,2295.5,6.45,LC,Stable,1014,567627.7967,32.22541039,31,22
Hyla_japonica,Anura,9.668806291,832.5,4.64,LC,Stable,1004,3369012.583,40.86900226,44,100
Hyla_meridionalis,Anura,25.82203859,2000,4.787,LC,Stable,1027,672112.0805,36.92426013,26,47
Hyla_savignyi,Anura,10.33681038,600,4.06,LC,Stable,1022,756779.5997,34.41411145,39,95
Hyla_squirella,Anura,7.844401156,1156.5,4.3,LC,Stable,1015,737066.8719,31.54283383,31,20
Hyla_versicolor,Anura,19.92330124,1800,4.875,LC,Stable,1009,2317514.803,41.83660879,37,20
Hylarana_erythraea,Anura,46.61629604,1550,3.33,LC,Stable,4483,2087273.121,10.44287932,16,81
Hylarana_maosonensis,Anura,21.01938068,NA,5.35,LC,Decreasing,4454,65182.61481,20.95119169,20,89
Hylarana_nigrovittata,Anura,32.82985012,281,4.9,LC,Decreasing,4458,1632153.492,17.41098857,23,77
Hymenochirus_boettgeri,Anura,5.801909445,563.5,4.013,LC,NA,6342,1874238.564,0.19330149,11,29
Hyperolius_concolor,Anura,6.27305292,250,5.1,LC,Increasing,5710,1021241.226,7.23113114,15,55
Hyperolius_marmoratus,Anura,6.770005889,400,4.735,LC,Increasing,5791,1223061.925,-20.52179287,21,88
Hyperolius_nasutus,Anura,1.326370633,176,3.81,LC,NA,5826,1130422.671,-14.33717606,26,98
Hyperolius_pusillus,Anura,1.16809154,260,3.38,LC,NA,5836,797316.609,-18.02115951,21,87
Hypsiboas_albomarginatus,Anura,22.15645751,1247.5,2.63,LC,Stable,1540,539472.8737,-19.05468744,19,80
Hypsiboas_bischoffi,Anura,31.33446647,995.5,3.71,LC,Stable,1507,201163.7867,-25.5324792,18,31
Hypsiboas_cinerascens,Anura,5.894109914,502.5,4.53,LC,Stable,1582,5217902.465,-2.617696879,10,30
Hypsiboas_crepitans,Anura,41.05345795,1597.5,4.83,LC,Stable,1529,3394978.805,-6.875425212,17,63
Hypsiboas_faber,Anura,118.3966106,2862,2.73,LC,Stable,1539,1569060.245,-21.22324334,17,74
Hypsiboas_geographicus,Anura,61.58409585,2243,3.28,LC,Stable,1580,9870321.347,-7.688902725,18,65
Hypsiboas_heilprini,Anura,14.41792288,332,3.76,VU,NA,1563,34657.67581,18.9553028,17,59
Hypsiboas_lanciformis,Anura,104.2680497,1293,6.61,LC,Stable,1558,4324319.196,-4.896632974,11,39
Hypsiboas_polytaenius,Anura,6.27305292,230,2.35,LC,Stable,1519,137997.0487,-20.69617392,19,77
Hypsiboas_prasinus,Anura,15.02887126,995.5,5.15,LC,Stable,1497,257791.0786,-24.44918313,19,44
Incilius_alvarius,Anura,848.5928345,7750,5.65,LC,Stable,368,347356.7642,31.12617882,35,89
Incilius_nebulifer,Anura,243.9651047,10010.5,4.23,LC,Stable,342,568739.8331,28.71878274,28,35
Incilius_valliceps,Anura,243.9651047,27,4.6,LC,Stable,343,515111.5813,16.71933976,13,49
Kassina_senegalensis,Anura,12.53147188,350,4.47,LC,NA,5905,11552250.47,-4.290987807,12,49
Kurixalus_appendiculatus,Anura,11.03606029,NA,2.693,LC,Decreasing,3804,193792.0341,10.94577967,12,69
Laliostoma_labrosum,Anura,50.6014321,NA,3.25,LC,Stable,4236,308692.6206,-20.19501982,23,112
Leiopelma_archeyi,Anura,4.535760383,9.5,8.44,CR,Stable,6377,877.6670562,-37.28303109,19,18
Leiopelma_hochstetteri,Anura,9.031259268,90.5,8.63,LC,Decreasing,6378,11794.21556,-37.8131754,21,11
Leptodactylus_bolivianus,Anura,310.1744965,1325,1.51,LC,Stable,701,5767941.985,-1.779923863,11,22
Leptodactylus_fuscus,Anura,15.02887126,149,2.65,LC,Stable,642,11223784,-8.921211006,20,69
Leptodactylus_knudseni,Anura,581.8429221,1000,3.775,LC,Stable,674,4876854.829,-3.041180383,11,26
Leptodactylus_melanonotus,Anura,17.85081091,1009,2.52,LC,Stable,695,762922.6303,15.93043326,14,48
Leptodactylus_pentadactylus,Anura,907.5350171,900.5,4.47,LC,Stable,673,4218523.407,-5.489738964,11,48
Leptolalax_pelodytoides,Anura,5.665485551,144,2.57,LC,Stable,6205,587810.9867,18.1179328,21,89
Leptopelis_brevirostris,Anura,24.55694661,NA,5.599,LC,NA,5941,498578.3272,2.080484445,12,57
Leptopelis_vermiculatus,Anura,61.58409585,NA,3.098,EN,NA,5932,3016.832054,-7.340160434,15,85
Limnodynastes_dumerilii,Anura,57.01173656,2605,3.25,LC,Stable,3616,795024.4293,-34.21899036,29,13
Limnodynastes_fletcheri,Anura,15.02887126,300,3.79,LC,Stable,3621,1438126.234,-28.96746088,31,33
Limnodynastes_peronii,Anura,37.61121102,1153.5,2.25,LC,Increasing,3620,716406.0506,-29.5722292,31,38
Limnodynastes_tasmaniensis,Anura,11.39764997,820,2.4,LC,Stable,3619,2621391.065,-29.82550126,30,29
Limnodynastes_terraereginae,Anura,48.58061699,768.5,1.95,LC,Stable,3617,612322.1471,-23.70790975,27,60
Litoria_bicolor,Anura,2.108745242,518,4.79,LC,Stable,1874,909599.3963,-15.52292718,24,115
Mannophryne_trinitatis,Anura,1.889386307,7,2.98,LC,Stable,3415,1093.591303,10.64715709,11,48
Mantella_aurantiaca,Anura,2.345109567,126,4.8,EN,Decreasing,4148,535.2896109,-18.93825613,17,72
Mantella_betsileo,Anura,1.326370633,35,5.3,LC,Stable,4142,79587.7402,-18.7189033,22,103
Mantella_cowanii,Anura,2.345109567,39.5,5.5,EN,NA,4154,253.4399851,-20.42254488,18,83
Mantidactylus_aerumnalis,Anura,2.345109567,NA,4.8,LC,Decreasing,4085,37010.36431,-21.58542787,17,75
Mantidactylus_betsileanus,Anura,6.27305292,NA,4.15,LC,Stable,4074,87391.03762,-19.70756798,17,70
Mantidactylus_biporus,Anura,3.163318648,NA,4.55,LC,Decreasing,4090,88013.95154,-18.96208738,17,71
Mantidactylus_curtus,Anura,#VALUE!,NA,4.7,LC,Stable,4078,225113.2246,-19.63381751,19,88
Mantidactylus_femoralis,Anura,15.02887126,NA,4.65,LC,NA,4093,188173.4974,-18.53645457,18,87
Mantidactylus_lugubris,Anura,7.844401156,NA,5.25,LC,Stable,4091,102720.769,-20.20415772,17,67
Megophrys_nasuta,Anura,478.0793598,1753.5,1.827,LC,Stable,6297,742352.9561,1.134703372,10,20
Microhyla_ornata,Anura,2.599184929,693.5,5.15,LC,Stable,5458,3194135.476,22.74324099,32,128
Nectophrynoides_tornieri,Anura,3.163318648,23,3.671,LC,Decreasing,144,2708.579368,-7.261977985,15,82
Neobatrachus_pictus,Anura,23.33536674,600,2.77,LC,Stable,3644,348363.4714,-34.27881417,27,23
Neobatrachus_sudelli,Anura,15.02887126,3161.5,2.615,LC,Stable,3645,1088617.081,-32.36069657,29,16
Nimbaphrynoides_occidentalis,Anura,2.87168246,19.5,3.379,CR,Stable,97,5.891865093,7.63308755,19,64
Odontophrynus_americanus,Anura,32.82985012,6500,1.623,LC,Stable,628,3509448.384,-25.82593146,23,25
Odontophrynus_carvalhoi,Anura,32.82985012,NA,1.58,LC,NA,631,866683.0102,-9.567685989,17,96
Odontophrynus_cultripes,Anura,34.37385972,NA,2.155,LC,Stable,630,391090.4528,-18.71101511,16,81
Odontophrynus_occidentalis,Anura,25.82203859,NA,1.58,LC,Stable,626,777746.9325,-36.57313675,33,50
Odorrana_livida,Anura,105.5572702,2162,6.34,DD,NA,4348,7.903498682,15.99293893,20,100
Oophaga_pumilio,Anura,1.16809154,10,4.689,LC,NA,3319,56446.49172,11.42683041,11,47
Osteocephalus_taurinus,Anura,118.0281567,1275,2.4,LC,Stable,1200,5691300.17,-3.023320217,10,42
Osteopilus_ocellatus,Anura,42.85359781,278,1.83,LC,Stable,1218,7876.500836,18.21467476,11,46
Osteopilus_septentrionalis,Anura,528.2010128,2045.5,1.95,LC,Increasing,1217,124820.6778,22.16530879,16,61
Osteopilus_vastus,Anura,324.7622086,332,2.53,VU,NA,1219,21271.97487,18.84613848,17,54
Pelobates_cultripes,Anura,214.8521443,4750,3.957,VU,Decreasing,6307,491845.4422,40.13792409,31,36
Pelobates_fuscus,Anura,50.6014321,1772.5,4.47,LC,Decreasing,6309,5037668.073,51.862951,36,26
Pelobates_syriacus,Anura,74.11344159,4000,3.96,LC,Decreasing,6308,521295.9182,39.86716192,34,41
Pelodytes_caucasicus,Anura,15.02887126,415.5,2.27,NT,Decreasing,6312,23352.16252,42.45182791,31,14
Pelodytes_punctatus,Anura,11.76734864,820,2.44,LC,Decreasing,6310,778864.6815,44.2908438,26,14
Pelophylax_esculentus,Anura,97.27,5524,6.75,LC,Decreasing,4510,NA,NA,NA,NA
Pelophylax_lessonae,Anura,188.2341805,3210,6.43,LC,Decreasing,4511,3646896.948,52.04359252,32,32
Pelophylax_nigromaculatus,Anura,85.32680735,2800,6,NT,Decreasing,4519,4250175.926,37.23375645,40,106
Pelophylax_perezi,Anura,141.9918934,5400,7.101,LC,Decreasing,4515,654084.0528,40.62803894,29,34
Pelophylax_porosus,Anura,66.40390642,1900,5.95,LC,Decreasing,4524,103030.4806,36.38356217,35,51
Pelophylax_ridibundus,Anura,700.22,8335,7.66,LC,Increasing,4506,7988766.218,48.14107666,35,21
Pelophylax_shqipericus,Anura,41.05345795,2594.5,7.17,VU,Decreasing,4514,4680.669094,41.24339265,24,45
Petropedetes_cameronensis,Anura,10.33681038,NA,1.088,LC,Decreasing,4998,32569.34515,4.723794462,11,57
Phrynobatrachus_krefftii,Anura,11.76734864,22.5,1.692,EN,NA,5106,1977.642502,-4.838350424,15,61
Phrynobatrachus_natalensis,Anura,5.355815679,901,1.434,LC,Stable,5027,9954675.49,-4.258706035,13,44
Phyllomedusa_bicolor,Anura,275.6973936,1011,6.75,LC,Stable,1909,4869798.252,-3.463136999,10,42
Phyllomedusa_burmeisteri,Anura,48.58061699,315.5,6.545,LC,Stable,1901,990118.6703,-17.93917582,18,87
Physalaemus_biligonigerus,Anura,5.355815679,4953,1.86,LC,Stable,751,2339513.907,-26.10502152,25,42
Pipa_pipa,Anura,985.1184124,95,2.43,LC,Stable,6346,5551217.486,-4.342264357,11,39
Platypelis_barbouri,Anura,1.86835871,NA,6.3,LC,Decreasing,5570,36597.79228,-16.75770721,NA,NA
Platypelis_grandis,Anura,122.1250007,95,5.45,LC,NA,5576,128934.0509,-19.45944061,NA,NA
Platypelis_tuberifera,Anura,5.355815679,NA,5.75,LC,NA,5566,61390.14772,-17.45725992,NA,NA
Platyplectrum_ornatum,Anura,7.844401156,874,0.95,LC,Stable,3633,2250059.6,-20.28324506,28,104
Plethodontohyla_notosticta,Anura,6.27305292,81.5,5.05,LC,NA,5555,102547.2962,-19.5491591,16,62
Pleurodema_bibroni,Anura,15.02887126,450,2.56,NT,Decreasing,810,337141.728,-30.74072257,21,8
Pristimantis_chiastonotus,Anura,13.32923018,NA,3.14,LC,Stable,2458,320163.4186,2.632261923,12,49
Pristimantis_marmoratus,Anura,0.830276238,NA,2.9,LC,Stable,2219,815346.3101,3.167482475,12,68
Probreviceps_macrodactylus,Anura,25.82203859,42.5,7.008,EN,NA,6099,807.9393756,-5.418736522,16,55
Proceratophrys_appendiculata,Anura,23.55207764,598.5,2.15,LC,Decreasing,599,103099.0288,-22.92998061,19,67
Proceratophrys_boiei,Anura,39.8249287,1296,2.42,LC,Stable,596,641625.8066,-19.07239649,19,81
Pseudacris_brimleyi,Anura,3.474815212,247,4.14,LC,Stable,1166,130836.9613,34.63557699,33,24
Pseudacris_crucifer,Anura,4.160301797,917,3.62,LC,Stable,1172,4408423.55,42.57414772,36,15
Pseudacris_nigrita,Anura,2.87168246,429.5,4.05,LC,Stable,1163,366396.6351,31.18714632,30,31
Pseudacris_ocularis,Anura,0.367785436,550,4.6,LC,Stable,1171,325682.7722,31.43739771,27,36
Pseudacris_ornata,Anura,5.355815679,505,3.82,LC,Stable,1170,331604.8391,31.96608389,31,22
Pseudacris_regilla,Anura,11.03606029,882.5,3.81,LC,Stable,1173,1591310.37,43.45941569,38,30
Pseudacris_triseriata,Anura,5.141926213,800,4.37,LC,Decreasing,1161,413356.4364,41.05346646,38,21
Pseudis_paradoxa,Anura,104.2680497,2574.5,1.54,LC,Stable,1485,7359606.671,-7.161454913,15,53
Pseudopaludicola_mystacalis,Anura,0.471940769,119,2.42,LC,Stable,826,2625535.935,-20.0205187,19,77
Pseudophryne_bibronii,Anura,3.806898983,185,8.75,NT,Decreasing,3566,738258.1808,-32.42087944,29,20
Ptychadena_mascareniensis,Anura,35.96735809,1089.5,3.35,LC,NA,5153,6446466.476,-5.958430873,14,51
Pyxicephalus_adspersus,Anura,1901.294377,3500,1.4,LC,Decreasing,4986,3657543.237,-18.99684416,28,109
Quasipaa_boulengeri,Anura,269.1353825,218,3.085,EN,Decreasing,4691,933219.2634,28.4991076,30,56
Rana_amurensis,Anura,32.82985012,2225,5.27,LC,Decreasing,4247,9230128.213,57.2763942,62,88
Rana_areolata,Anura,198.5898747,6000,6.43,NT,Decreasing,4303,619365.5228,35.31277065,37,19
Rana_arvalis,Anura,50.6014321,2250,6.18,LC,Stable,4262,11876092.46,57.45523107,42,30
Rana_aurora,Anura,250.098017,2750,9.19,LC,Decreasing,4280,231396.3384,46.83671874,20,59
Rana_cascadae,Anura,42.85359781,550,7.91,NT,Decreasing,4281,118961.7063,45.23476519,25,62
Rana_catesbeiana,Anura,1033.804488,24400,7.045,LC,Increasing,4329,6849309.802,36.87610906,34,12
Rana_chensinensis,Anura,27.13148729,1082.5,5.34,LC,Decreasing,4241,2881299.048,41.42837098,45,112
Rana_clamitans,Anura,122.1250007,3632.5,7.17,LC,Stable,4328,3856097.496,40.39954204,38,21
Rana_dalmatina,Anura,88.30305551,1150,5.32,LC,Decreasing,4269,1894862.456,45.64804454,27,17
Rana_dybowskii,Anura,59.2674357,1716.5,4.275,LC,Stable,4237,1772237.973,52.55386435,60,86
Rana_graeca,Anura,50.6014321,1100,7.67,LC,Stable,4272,238212.4442,40.96699836,28,23
Rana_grylio,Anura,528.2010128,19500,4.25,LC,Decreasing,4331,338885.9941,30.19598579,28,29
Rana_heckscheri,Anura,431.3461762,6500,6.52,LC,Stable,4330,241880.983,31.6652962,31,27
Rana_italica,Anura,25.82203859,1675,5.66,LC,NA,4264,117560.1268,42.11771616,27,24
Rana_japonica,Anura,35.96735809,1750,5.075,LC,Decreasing,4255,245192.5169,35.95015561,33,34
Rana_latastei,Anura,41.05345795,1560,6.8,VU,Decreasing,4270,35309.36882,45.49954605,29,17
Rana_macrocnemis,Anura,89.20973483,2040,6.055,LC,Decreasing,4267,590619.4323,40.88235829,27,25
Rana_ornativentris,Anura,46.61629604,6500,4.75,LC,Stable,4239,275172.5227,35.9960721,33,35
Rana_palustris,Anura,66.40390642,2116,6.37,LC,Stable,4301,2513688.218,39.7512168,36,20
Rana_pretiosa,Anura,131.7997767,1124.5,9.195,VU,Decreasing,4285,64853.39216,44.45991381,28,65
Rana_pyrenaica,Anura,11.03606029,142.5,4.234,EN,Decreasing,4261,2178.666645,42.7319626,23,13
Rana_septentrionalis,Anura,42.85359781,2250,8.16,LC,Stable,4332,2133167.935,48.40190715,46,30
Rana_sphenocephala,Anura,226.1909925,4449,7.5,LC,Stable,4299,1940284.423,34.41277909,34,20
Rana_sylvatica,Anura,57.01173656,2520,5.83,LC,Stable,4326,10709039.93,55.28370334,48,59
Rana_tagoi,Anura,17.95072193,1833,5.3,LC,Stable,4245,279604.4025,35.93313278,33,35
Rana_temporaria,Anura,141.9918934,2382.5,4.49,LC,Stable,4260,9334465.296,56.97436023,35,37
Rana_tsushimensis,Anura,12.53147188,400,5.25,LC,Stable,4275,679.5024728,34.40577415,28,52
Rhacophorus_pardalis,Anura,41.05345795,47,2.675,LC,Decreasing,3952,136069.5653,3.704969564,9,23
Rhinella_crucifer,Anura,107.68,3334.835,3.15,LC,Decreasing,272,364419.474,-11.95789567,12,23
Rhinella_icterica,Anura,834.2820843,8840.415,2.91,LC,Stable,257,1564313.876,-21.50765984,18,72
Rhinella_marina,Anura,2029.910446,20050,4.76,LC,Increasing,249,10623524.7,-2.131291106,10,97
Rhinella_schneideri,Anura,2029.910446,1608.5,3.29,NA,NA,246,6440192.815,-17.14253997,17,75
Rhinophrynus_dorsalis,Anura,74.11344159,4132.5,4.79,LC,Stable,6353,313356.5622,17.82898568,18,59
Rugosa_rugosa,Anura,19.92330124,1305,8.15,LC,Stable,4499,303424.5629,35.46467497,35,49
Rugosa_tiantaiensis,Anura,2.411934922,975,11.36,LC,Decreasing,4500,63162.91505,29.46926288,32,48
Scaphiopus_couchii,Anura,74.11344159,1805,1.644,LC,Stable,6319,1852029.838,29.93026971,35,79
Scaphiopus_holbrookii,Anura,46.61629604,3134,1.4,LC,Stable,6317,1087171.079,34.54957821,32,13
Scinax_fuscomarginatus,Anura,1.445598661,303,2.28,LC,Stable,1284,4972298.831,-14.97340715,16,85
Scinax_ruber,Anura,7.844401156,619,3,LC,Stable,1286,7605973.81,-3.808458541,10,36
Scinax_x-signatus,Anura,9.668806291,270,3.76,LC,Stable,1285,10012686.03,-7.661536187,18,66
Sooglossus_sechellensis,Anura,0.566876477,10.5,1.635,EN,Decreasing,6116,26.69376288,-4.60035742,6,48
Spea_bombifrons,Anura,24.55694661,2022,1.235,LC,Stable,6314,2528761.886,39.53141103,42,69
Spea_hammondii,Anura,41.05345795,1093,1.445,NT,Decreasing,6315,118989.6667,35.83360323,36,81
Strauchbufo_raddei,Anura,71.47840813,3500,4.9,LC,Stable,84,5007138.036,44.09995544,54,106
Tachycnemis_seychellensis,Anura,42.85359781,300,4.067,LC,NA,5893,168.1370551,-4.581318212,6,48
Telmatobius_culeus,Anura,355.3485136,500,2.061,EN,Decreasing,2064,17038.39318,-15.84810258,16,82
Telmatobius_gigas,Anura,137.8520103,NA,2.948,EN,Decreasing,2066,57.09626897,-17.82825233,26,110
Trachycephalus_venulosus,Anura,159.4127188,5005.5,3.35,LC,Stable,1236,11508120.95,-6.50571889,NA,NA
Uperodon_systoma,Anura,32.82985012,NA,2,LC,Stable,5513,1223288.831,20.86234581,30,138
Xanthophryne_koynayensis,Anura,2.87168246,165,3.61,EN,Decreasing,134,101.6449308,16.84609467,19,145
Xenopus_borealis,Anura,88.30305551,NA,3.56,LC,NA,6335,137977.4368,-1.127953015,18,59
Xenopus_clivii,Anura,54.81609982,NA,4.02,LC,Stable,6334,458433.8312,8.686854757,18,81
Xenopus_fraseri,Anura,11.76734864,NA,3.11,DD,Decreasing,6327,1972883.475,-1.501634994,10,38
Xenopus_gilli,Anura,21.01938068,450,3.11,EN,Decreasing,6331,682.3363673,-34.43098258,NA,NA
Xenopus_laevis,Anura,363.2949952,13640,3.15,LC,Increasing,6330,4664938.484,-17.14034822,28,109
Xenopus_muelleri,Anura,74.11344159,436,3.685,LC,Stable,6338,5344610.848,-4.770940678,14,53
Xenopus_ruwenzoriensis,Anura,16.87274654,NA,7.895,DD,NA,6336,368.68656,0.994340088,14,38
Xenopus_tropicalis,Anura,18.86738746,NA,1.74,LC,Stable,6339,1554975.183,8.246756279,16,68
Xenopus_vestitus,Anura,15.02887126,NA,6.095,LC,NA,6332,18632.02087,-1.350341621,12,41
Zachaenus_parvulus,Anura,2.01900035,NA,1.93,LC,Decreasing,2027,7859.014213,-22.26861031,17,64
Ambystoma_californiense,Caudata,56.86534754,671,32,VU,Decreasing,6943,17200.21593,37.18058322,33,82
Ambystoma_cingulatum,Caudata,3.491702077,113,29.5,VU,Decreasing,6944,88018.78495,31.21995606,30,30
Ambystoma_gracile,Caudata,35.46172543,150,42,LC,Stable,6962,376079.5351,47.85390792,20,55
Ambystoma_jeffersonianum,Caudata,16.14274342,210,26.965,LC,Stable,6954,473692.8975,40.67454773,37,14
Ambystoma_laterale,Caudata,6.729032401,186.5,34.5,LC,Stable,6956,2121523.326,48.04286321,46,29
Ambystoma_mabeei,Caudata,2.603658399,4,25.8,LC,Decreasing,6952,108471.4156,34.64495148,32,25
Ambystoma_macrodactylum,Caudata,11.12958895,237.5,26.17,LC,Stable,6953,1579212.539,49.82258424,31,49
Ambystoma_maculatum,Caudata,11.2772916,247.5,32,LC,Stable,6961,3152247.613,41.45754147,37,17
Ambystoma_mexicanum,Caudata,32.02376929,550,35.5,CR,Decreasing,6937,94.15369916,19.15195498,21,93
Ambystoma_opacum,Caudata,6.729032401,131,32.05,LC,Stable,6958,1639176.662,35.4745941,33,15
Ambystoma_talpoideum,Caudata,3.315086805,449.5,30.75,LC,Stable,6964,651332.8345,33.04250745,32,18
Ambystoma_texanum,Caudata,8.756938044,481.5,24.41,LC,Stable,6951,1354233.005,35.65555491,37,18
Ambystoma_tigrinum,Caudata,68.3400514,3875.5,27.6,LC,Stable,6942,NA,NA,NA,NA
Amphiuma_means,Caudata,3026.267842,190,79.745,LC,NA,6821,469410.4414,31.83072266,31,26
Andrias_davidianus,Caudata,3845.761815,900,50,CR,Decreasing,7037,459599.7355,30.35946503,29,55
Andrias_japonicus,Caudata,10792.73457,450,46.49,NT,Decreasing,7038,55317.52297,34.79509504,32,45
Aneides_aeneus,Caudata,2.465190581,21,43.19,NT,Decreasing,6807,171158.0306,36.59470371,35,13
Aneides_ferreus,Caudata,9.601629194,13,42.4,NT,Decreasing,6803,124826.8515,44.38953135,23,69
Aneides_flavipunctatus,Caudata,13.48279417,17.5,45.4,NT,Decreasing,6804,47855.61581,40.16768651,30,79
Aneides_hardii,Caudata,4.125031388,10,32.65,LC,Stable,6806,28430.47764,33.09465525,31,70
Aneides_lugubris,Caudata,16.14274342,14.5,42.9,LC,Stable,6805,105675.6193,36.4921188,36,80
Batrachoseps_attenuatus,Caudata,1.925080879,11,40.9,LC,Stable,6685,54522.1719,39.14000906,34,87
Batrachoseps_campi,Caudata,3.66557593,NA,34.5,EN,Decreasing,6687,326.02309,36.74572425,34,55
Batrachoseps_gabrieli,Caudata,2.165353583,NA,34.93,DD,NA,6684,545.6351349,34.24543374,31,85
Batrachoseps_gavilanensis,Caudata,4.620954322,NA,26.82,LC,Stable,6681,11099.98841,36.32397703,33,86
Batrachoseps_gregarius,Caudata,1.5987499,19.5,28.08,LC,Stable,6670,7670.710261,36.61401628,34,83
Batrachoseps_incognitus,Caudata,1.811847925,NA,30.62,DD,NA,6679,791.7557817,35.73543288,26,89
Batrachoseps_kawia,Caudata,1.703100229,NA,33.2,DD,NA,6672,1496.575545,36.55962451,30,78
Batrachoseps_luciae,Caudata,1.5987499,12.5,29.68,LC,Stable,6682,1558.067971,36.28248638,24,87
Batrachoseps_major,Caudata,5.507502413,NA,31.52,LC,Stable,6677,26648.20064,32.67781793,25,83
Batrachoseps_nigriventris,Caudata,1.703100229,NA,26.06,LC,Stable,6668,24004.97097,34.79486172,27,89
Bolitoglossa_cerroensis,Caudata,6.99623625,NA,58.7,LC,Stable,6417,681.4935677,9.586616558,10,65
Bolitoglossa_colonnea,Caudata,2.561593184,NA,53.9,LC,Stable,6410,15724.46325,9.684073398,12,35
Bolitoglossa_cuchumatana,Caudata,3.081030294,NA,43.6,EN,Decreasing,6493,2596.957523,15.58179844,16,58
Bolitoglossa_dofleini,Caudata,30.85660575,NA,59.4,NT,Decreasing,6487,2034.435718,15.71026185,13,58
Bolitoglossa_dunni,Caudata,6.26520208,NA,50.6,EN,Decreasing,6470,169.2808847,15.37075282,16,56
Bolitoglossa_engelhardti,Caudata,1.703100229,NA,47.5,EN,Decreasing,6499,1118.211418,14.89577248,17,86
Bolitoglossa_flavimembris,Caudata,4.318948904,NA,50.2,EN,Decreasing,6465,2439.928856,14.83831439,16,84
Bolitoglossa_hartwegi,Caudata,2.506207278,NA,42,VU,Decreasing,6458,3159.52607,15.93957695,18,71
Bolitoglossa_helmrichi,Caudata,2.85065923,NA,51,VU,Decreasing,6492,5031.988655,15.38714627,12,57
Bolitoglossa_lincolni,Caudata,10.062316,NA,52.7,NT,Decreasing,6483,1335.660053,16.13078051,19,85
Bolitoglossa_minutula,Caudata,0.809866671,NA,48.7,EN,Decreasing,6424,1371.266238,8.941423623,12,56
Bolitoglossa_morio,Caudata,5.493646909,NA,56.5,VU,Decreasing,6464,13756.36594,14.70125143,15,93
Bolitoglossa_occidentalis,Caudata,0.984016656,NA,43.5,LC,Decreasing,6452,8330.05871,15.79622166,19,94
Bolitoglossa_platydactyla,Caudata,7.839640602,NA,67,LC,Stable,6446,52086.91221,18.70394148,17,97
Bolitoglossa_robusta,Caudata,36.65957504,NA,45,VU,Decreasing,6407,6256.835148,9.686117066,11,41
Bolitoglossa_rostrata,Caudata,3.658513674,37,47.8,NT,Decreasing,6494,1995.033838,15.40637476,17,81
Bolitoglossa_rufescens,Caudata,1.498708932,NA,42.3,LC,Stable,6450,69620.36562,16.85832607,18,66
Bolitoglossa_striatula,Caudata,4.60040031,NA,62.7,LC,Decreasing,6436,101966.4419,12.98852282,12,61
Bolitoglossa_subpalmata,Caudata,3.491702077,23,65.21,LC,Stable,6427,1502.017297,10.19511032,11,47
Calotriton_asper,Caudata,9.722190951,43.5,24.33,NT,Decreasing,6871,27991.99655,42.6526418,23,13
Chioglossa_lusitanica,Caudata,2.140483179,22,29.22,VU,Decreasing,6936,55359.51312,42.29474585,24,45
Chiropterotriton_dimidiatus,Caudata,0.416023528,NA,27.8,VU,Stable,6659,207.0654,20.16200124,20,69
Chiropterotriton_lavae,Caudata,0.709870715,NA,28.5,CR,Decreasing,6660,65.69970339,19.59073518,17,71
Chiropterotriton_magnipes,Caudata,3.081030294,NA,27,EN,Decreasing,6656,322.0813453,21.28911638,22,82
Cryptobranchus_alleganiensis,Caudata,923.2703304,300.5,55,NT,Decreasing,7039,507841.477,38.23197031,36,16
Cynops_ensicauda,Caudata,7.270348636,NA,43.7,EN,Decreasing,6861,1910.115058,27.20648391,20,30
Cynops_orientalis,Caudata,1.064737826,181.5,44.27,LC,Decreasing,6855,562253.5947,28.75238212,32,56
Cynops_pyrrhogaster,Caudata,6.729032401,128,37.8,LC,Stable,6862,280012.04,35.9488441,33,35
Dendrotriton_bromeliacius,Caudata,0.904631659,NA,36.9,CR,Decreasing,6618,127.9930031,14.92058125,17,85
Desmognathus_fuscus,Caudata,3.03868945,26.5,15.13,LC,Stable,6792,1535437.874,38.2968574,34,13
Desmognathus_marmoratus,Caudata,8.867241991,42.5,16.57,LC,Stable,6798,34198.88134,35.66078343,33,11
Desmognathus_monticola,Caudata,3.808716276,25,16.2,LC,Stable,6787,317505.8207,36.65168542,34,12
Desmognathus_ochrophaeus,Caudata,1.091525079,20,15.15,LC,NA,6789,294602.748,40.88426844,36,17
Desmognathus_quadramaculatus,Caudata,9.515173179,45,15.06,LC,Stable,6797,82355.30368,35.96452566,32,10
Desmognathus_wrighti,Caudata,0.416864713,9,13.895,LC,Stable,6800,33639.44922,35.86744212,32,9
Dicamptodon_ensatus,Caudata,78.54671893,104,56.76,NT,NA,6971,11194.85131,38.38964576,25,91
Ensatina_eschscholtzii,Caudata,8.437590822,14,41.27,LC,Stable,6808,328793.1066,41.00628982,35,70
Euproctus_montanus,Caudata,3.16,40,23.1,LC,Stable,6886,8094.121646,42.15286834,20,36
Eurycea_bislineata,Caudata,1.091525079,63.5,24.5,LC,Stable,6709,1250937.928,45.0938743,41,14
Eurycea_cirrigera,Caudata,1.703100229,61,25,LC,Stable,6708,1121555.605,35.22585554,34,14
Eurycea_longicauda,Caudata,3.339947951,83,27.35,LC,Stable,6711,840800.3446,38.36276902,36,16
Eurycea_lucifuga,Caudata,3.508839092,84.5,20.775,LC,NA,6712,441250.9781,36.94448989,36,15
Eurycea_nana,Caudata,0.352298363,37.5,26.2,VU,Stable,6692,47.55401855,29.85224286,32,32
Eurycea_neotenes,Caudata,2.155382668,28,25.8,VU,NA,6689,35.75324142,29.63010467,31,31
Eurycea_quadridigitata,Caudata,0.646081944,34.5,24.7,LC,Stable,6702,709008.1289,31.5978511,32,20
Eurycea_tridentifera,Caudata,1.5987499,12.5,26.5,VU,NA,6693,230.9186464,29.78596304,31,30
Eurycea_wilderae,Caudata,1.925080879,54,21.2,LC,Stable,6707,74437.68138,35.77437809,31,9
Gyrinophilus_porphyriticus,Caudata,26.79571614,73.5,22.23,LC,Stable,6720,774113.978,39.80727932,37,14
Haideotriton_wallacei,Caudata,0.602148333,NA,26.4,VU,NA,6706,87.76055885,30.91000621,30,21
Hemidactylium_scutatum,Caudata,2.292568577,74.5,32.45,LC,Stable,6724,1544128.465,40.06909744,37,19
Hydromantes_genei,Caudata,3.905548705,10,42.63,VU,Decreasing,6813,2144.095929,39.28034356,24,57
Hydromantes_italicus,Caudata,5.968016904,11,71.65,NT,Stable,6814,18183.45286,43.57441571,27,19
Hydromantes_platycephalus,Caudata,4.829836453,10,50,LC,Stable,6817,48005.52335,37.23863753,28,65
Hynobius_dunni,Caudata,8.134990814,119,16.88,EN,Decreasing,6988,6496.228038,33.05394599,30,56
Hynobius_naevius,Caudata,13.35800013,26.5,20.45,LC,Stable,6977,37135.99604,34.18260639,30,50
Hynobius_nebulosus,Caudata,5.493646909,119,19.2,LC,Decreasing,6987,63463.23724,34.53185743,32,49
Hynobius_retardatus,Caudata,9.722190951,101,16.16,LC,Stable,7008,80389.58712,43.38001624,39,29
Hynobius_tsuensis,Caudata,6.729032401,50,16.48,LC,Stable,6989,679.5024728,34.40577415,28,52
Ichthyosaura_alpestris,Caudata,5.493646909,290,28.79,LC,Decreasing,6884,1460086.383,47.71905381,28,36
Karsenia_koreana,Caudata,1.206509577,NA,52.1,LC,Decreasing,6820,3610.887842,36.18541133,38,79
Lissotriton_boscai,Caudata,1.498708932,175,30.845,LC,Stable,6883,227898.1493,40.24493287,27,52
Lissotriton_helveticus,Caudata,1.703100229,352.5,26.34,LC,Stable,6882,1171898.307,48.6955113,23,8
Lissotriton_italicus,Caudata,1.498708932,350,22,LC,Decreasing,6881,75791.75003,40.81583963,24,30
Lissotriton_montandoni,Caudata,2.85065923,247.5,28.89,LC,Decreasing,6880,133068.954,48.15741132,31,28
Lissotriton_vulgaris,Caudata,3.160463697,300,27.42,LC,Stable,6879,8481981.844,54.15444019,34,33
Necturus_lewisi,Caudata,41.27965109,27.5,120.565,NT,Decreasing,6831,27874.65325,35.77361225,33,17
Necturus_maculosus,Caudata,533.8490463,94.5,82.55,LC,Stable,6830,1907679.568,41.32996381,39,24
Necturus_punctatus,Caudata,31.00093979,35,119.225,LC,NA,6832,171661.9876,34.10260385,32,24
Neurergus_crocatus,Caudata,8.622666156,250,34.97,VU,Decreasing,6874,13201.41311,37.34318848,38,70
Neurergus_kaiseri,Caudata,8.560679845,160,37.98,VU,Decreasing,6875,154.4103523,32.83392614,41,89
Neurergus_strauchii,Caudata,8.015985524,177.5,25.67,VU,Decreasing,6876,17334.26554,38.50259728,40,63
Notophthalmus_viridescens,Caudata,2.561593184,265,38,LC,Stable,6891,3532034.886,39.83504075,37,20
Nototriton_picadoi,Caudata,0.550064277,NA,28.1,LC,Stable,6610,229.3604138,9.74436067,11,51
Nyctanolis_pernix,Caudata,6.366390581,NA,28,VU,Decreasing,6624,136.5713138,15.58773693,16,48
Oedipina_poelzi,Caudata,4.221255394,NA,52.2,EN,Decreasing,6569,434.6556476,10.03638271,11,50
Oedipina_pseudouniformis,Caudata,2.424619322,NA,40.9,DD,NA,6572,910.3026841,10.41813154,12,33
Oedipina_uniformis,Caudata,3.002925658,NA,44.9,LC,Stable,6567,6108.18175,9.914528352,12,76
Ommatotriton_ophryticus,Caudata,10.76593024,124.5,32.595,NT,Decreasing,6878,270432.0406,40.97882782,27,28
Onychodactylus_fischeri,Caudata,9.226367369,46,47.54,LC,Decreasing,7029,346749.2089,41.4453192,47,86
Onychodactylus_japonicus,Caudata,11.50126163,21.5,106.4,LC,Stable,7033,159015.5087,37.21463229,33,29
Onychodactylus_koreanus,Caudata,7.723511374,15,103,NA,NA,7030,NA,NA,NA,NA
Onychodactylus_nipponoborealis,Caudata,6.969206391,NA,108.9,NA,NA,7032,NA,NA,NA,NA
Onychodactylus_zhangyapingi,Caudata,9.455620948,18,94,DD,Decreasing,7034,NA,NA,NA,NA
Onychodactylus_zhaoermii,Caudata,8.498988294,13.5,88,NA,NA,7031,NA,NA,NA,NA
Pachytriton_brevipes,Caudata,15.56239535,45,39.8,LC,Decreasing,6848,418491.5907,26.46372472,30,58
Pachytriton_granulosus,Caudata,8.622666156,40,47.25,LC,Decreasing,6847,NA,NA,NA,NA
Paradactylodon_mustersi,Caudata,6.676413134,19,21.65,CR,Decreasing,7027,297.0083557,34.58801004,39,94
Paramesotriton_chinensis,Caudata,10.41020083,199.5,43.09,LC,Decreasing,6840,213799.9227,26.94792437,31,59
Paramesotriton_deloustali,Caudata,#VALUE!,143,50.48,LC,Decreasing,6837,21677.57167,21.9418648,20,82
Paramesotriton_hongkongensis,Caudata,6.016887148,117.5,51,NT,Decreasing,6838,19050.52413,22.57972179,22,71
Parvimolge_townsendi,Caudata,#VALUE!,NA,20.8,VU,Decreasing,6561,631.1680821,19.1535306,17,77
Plethodon_cinereus,Caudata,1.356534741,7.5,22.64,LC,Stable,6764,1955637.091,43.95768394,37,11
Plethodon_dunni,Caudata,6.99623625,11.5,38.8,LC,Stable,6775,76247.18942,44.36599981,26,66
Plethodon_elongatus,Caudata,6.99623625,7,33.63,NT,Decreasing,6770,23671.64011,41.77762078,29,73
Plethodon_glutinosus,Caudata,4.61478177,19.5,28,LC,Stable,6729,1312011.757,36.24050634,34,14
Plethodon_hoffmani,Caudata,1.713775666,5.5,21.4,LC,Stable,6766,59789.83014,39.34151349,36,16
Plethodon_jordani,Caudata,2.435394903,NA,27.8,NT,Stable,6746,1891.925531,35.65317427,31,8
Plethodon_larselli,Caudata,2.561593184,7,48.55,NT,Stable,6778,16508.3416,45.87234824,31,75
Plethodon_neomexicanus,Caudata,4.829836453,8.5,30.7,NT,Stable,6779,3663.922025,35.93196313,36,37
Plethodon_ouachitae,Caudata,3.241236727,18,33.7,NT,Stable,6748,1117.640584,34.68686116,36,23
Plethodon_richmondi,Caudata,2.052511535,10,20.65,LC,Stable,6760,99169.29288,37.38218733,36,12
Plethodon_shenandoah,Caudata,1.692468766,13,18.2,VU,Stable,6765,242.4427076,38.56791588,35,14
Plethodon_vandykei,Caudata,4.03026609,12.5,69.3,LC,Stable,6776,20131.03374,46.96462879,25,62
Plethodon_vehiculum,Caudata,4.03026609,13,38.05,LC,Stable,6774,176824.7841,47.271848,24,64
Plethodon_wehrlei,Caudata,2.856649763,15,24.2,LC,Stable,6758,114381.2323,39.67385961,35,14
Plethodon_welleri,Caudata,1.450276926,7.5,22.6,EN,Decreasing,6756,3461.24681,36.3413234,32,10
Plethodon_yonahlossee,Caudata,5.968016904,23,30.75,LC,Stable,6752,12029.16073,36.25542623,32,10
Pleurodeles_nebulosus,Caudata,95.66594957,775,27.3,VU,Decreasing,6915,NA,NA,NA,NA
Pleurodeles_waltl,Caudata,28.81333527,1075,23.16,NT,Decreasing,6916,376412.3365,38.35181689,33,55
Proteus_anguinus,Caudata,74.48023512,52.5,48.84,VU,Decreasing,6833,36871.08283,44.5467105,27,23
Pseudobranchus_axanthus,Caudata,10.94676313,39,48,LC,NA,6973,93457.05796,27.80692385,24,55
Pseudobranchus_striatus,Caudata,11.55394014,6,45.5,LC,Stable,6974,97753.30889,31.21350266,30,31
Pseudoeurycea_bellii,Caudata,47.69467581,NA,46.6,LC,NA,6546,160829.0242,20.56073723,NA,NA
Pseudoeurycea_brunnata,Caudata,3.491702077,NA,42.1,CR,Decreasing,6539,133.8467158,14.99671804,17,83
Pseudoeurycea_cephalica,Caudata,1.735258813,NA,40.2,LC,Decreasing,6552,15167.41371,20.18128361,NA,NA
Pseudoeurycea_juarezi,Caudata,1.047638221,NA,27.2,EN,Decreasing,6522,124.6237469,17.38976773,19,78
Pseudoeurycea_leprosa,Caudata,3.181335375,1722,27.8,LC,Decreasing,6516,11003.89973,19.40662609,23,87
Pseudoeurycea_lineola,Caudata,1.021569613,NA,30.5,EN,Decreasing,6520,462.5460932,19.08201429,17,77
Pseudoeurycea_melanomolga,Caudata,#VALUE!,NA,39.7,EN,Decreasing,6533,35.71313399,19.43561444,17,74
Pseudoeurycea_rex,Caudata,1.925080879,20,36.9,VU,Decreasing,6537,2292.745296,15.29238741,17,83
Pseudoeurycea_robertsi,Caudata,#VALUE!,NA,52.4,CR,Decreasing,6527,13.7738957,19.16195225,18,84
Pseudoeurycea_smithi,Caudata,3.208766066,NA,40.3,CR,Decreasing,6535,221.087037,17.2959903,NA,NA
Pseudotriton_montanus,Caudata,6.715852024,109.5,23.25,LC,NA,6722,734228.2485,34.36956498,33,14
Pseudotriton_ruber,Caudata,8.98484175,79.5,24.65,LC,Stable,6721,1046694.757,36.45872814,34,13
Ranodon_sibiricus,Caudata,10.05543773,57,24.075,EN,Decreasing,7028,16768.62184,44.97217691,42,52
Rhyacotriton_olympicus,Caudata,3.323360237,8.5,66.6,VU,Decreasing,6827,17248.48996,47.57966109,23,63
Salamandra_atra,Caudata,6.99623625,26,32.55,LC,Decreasing,6934,117786.331,46.78508705,29,38
Salamandra_infraimmaculata,Caudata,50.13583805,60,39.3,NT,Decreasing,6930,79209.93391,36.7879709,38,78
Salamandra_salamandra,Caudata,57.14,39,35.335,LC,Decreasing,6929,2267252.208,45.55686588,30,19
Salamandrella_keyserlingii,Caudata,5.266096727,166,24.62,LC,Stable,7023,15816092.89,60.3798007,59,45
Salamandrina_terdigitata,Caudata,0.842918477,53,20.6,LC,Stable,6917,28128.8328,39.77484827,22,41
Siren_intermedia,Caudata,205.6333524,783,54,LC,NA,6976,922421.1579,32.92761469,33,22
Siren_lacertina,Caudata,2111.755149,750,57,LC,NA,6975,399653.7931,31.89070457,29,33
Taricha_granulosa,Caudata,11.12958895,13.5,35.1,LC,Stable,6888,402219.8714,48.59933942,20,50
Taricha_rivularis,Caudata,11.12958895,12,30,LC,Stable,6889,14104.76705,39.38156843,28,85
Taricha_torosa,Caudata,11.12958895,70,30.06,LC,NA,6887,48259.20416,36.49410379,36,83
Triturus_carnifex,Caudata,11.12958895,300,28.16,LC,Decreasing,6867,516553.8452,43.62281801,24,25
Triturus_cristatus,Caudata,14.3344622,385,24.875,LC,Decreasing,6865,5003507.117,53.60900548,33,35
Triturus_dobrogicus,Caudata,11.50126163,225,27.24,NT,Decreasing,6863,286537.2651,46.16914003,32,27
Triturus_karelinii,Caudata,11.5,200,30.955,LC,Decreasing,6866,452238.5069,41.0728149,30,36
Triturus_macedonicus,Caudata,9.857315224,NA,28.695,NA,NA,6868,NA,NA,NA,NA
Triturus_marmoratus,Caudata,9.722190951,325,24,LC,Decreasing,6869,492415.4898,44.47069403,25,11
Triturus_pygmaeus,Caudata,3.683270912,274,26.96,NT,Decreasing,6870,172615.7599,38.52795265,31,54
Tylototriton_verrucosus,Caudata,15.67734462,207.5,24.49,LC,NA,6909,318116.109,23.01236525,25,84
Boulengerula_boulengeri,Gymnophiona,10.95194384,3,4.233,LC,Stable,7161,1729.137256,-4.832021232,15,61
Boulengerula_taitana,Gymnophiona,27.94350641,8.5,2.94,EN,Decreasing,7157,287.1384674,-3.427401868,16,75
Caecilia_tentaculata,Gymnophiona,477.4430836,NA,5.468,LC,NA,7122,4259957.791,-3.157041652,10,33
Chthonerpeton_indistinctum,Gymnophiona,32.15845143,7,9.668,LC,NA,7144,163428.5775,-30.86162588,24,14
Crotaphatrema_lamottei,Gymnophiona,12.88118431,NA,3.948,CR,Decreasing,7172,42.89779258,6.194765937,14,68
Dermophis_mexicanus,Gymnophiona,82.05117799,11,7.895,LC,Decreasing,7070,66400.69396,15.18191465,12,57
Gegeneophis_ramaswamii,Gymnophiona,14.76163198,11.5,4.359,LC,Stable,7084,4011.918286,8.778648128,10,56
Geotrypetes_seraphini,Gymnophiona,24.11510838,2.5,5.394,LC,Decreasing,7078,934546.6799,2.75661669,10,60
Grandisonia_alternans,Gymnophiona,12.06140628,NA,6.664,LC,Stable,7093,217.3453013,-4.57164799,6,48
Gymnopis_multiplicata,Gymnophiona,41.82313475,16,3.7,LC,Decreasing,7073,166684.0563,13.10853344,13,60
Herpele_squalostoma,Gymnophiona,68.43123167,9,11.152,LC,Decreasing,7162,833798.9603,1.317516721,12,59
Hypogeophis_rostratus,Gymnophiona,18.28910676,12.5,5.653,LC,Stable,7098,221.5397452,-4.56743013,6,48
Ichthyophis_glutinosus,Gymnophiona,34.41674832,40,11.798,VU,Decreasing,7192,7448.836594,6.808710698,14,30
Indotyphlus_maharashtraensis,Gymnophiona,3.203057277,NA,5.934,DD,NA,7091,8.344861558,17.38557531,17,151
Luetkenotyphlus_brasiliensis,Gymnophiona,47.88431401,NA,8.87,DD,NA,7042,389376.7688,-25.43660124,20,20
Oscaecilia_ochrocephala,Gymnophiona,90.59222924,9.5,4.818,LC,NA,7141,31847.89713,8.63662713,9,70
Praslinia_cooperi,Gymnophiona,4.534047954,NA,7.356,EN,NA,7099,40.60646661,-4.626812197,6,48
Rhinatrema_bivittatum,Gymnophiona,5.555102386,NA,4.472,LC,NA,7234,160747.8202,4.852207197,11,44
Schistometopum_gregorii,Gymnophiona,17.98813143,NA,8.342,LC,NA,7075,6055.103538,-4.410680424,14,59
Scolecomorphus_vittatus,Gymnophiona,34.41674832,NA,6.607,LC,NA,7168,3335.422019,-5.269988029,17,59
Siphonops_annulatus,Gymnophiona,59.35620351,10.5,11.027,LC,NA,7046,9451875.091,-8.595145282,19,68
Uraeotyphlus_narayani,Gymnophiona,5.487185208,NA,5.45,DD,NA,7203,7636.079107,10.08798541,13,83
